Level Name,Status,Length (Steps),Time (s)
SAora.lvl,FAIL,,0.201
SAKJFWAOL.lvl,TIMEOUT,,129.9301
MADaVinci.lvl,FAIL,,0.0
MAAlphaOne.lvl,FAIL,,0.0
SAJMAI.lvl,FAIL,,20.2483
SAAiAiCap.lvl,FAIL,,0.0
MAZEROagent.lvl,TIMEOUT,,131.6545
SANotHard.lvl,FAIL,,0.0005
MAJMAI.lvl,PASS,214.0,3.9564
SAAlphaOne.lvl,FAIL,,0.0007
MAMagicians.lvl,FAIL,,0.1611
MANikrima.lvl,PASS,587.0,0.1436
SAPushPush.lvl,FAIL,,0.0004
MABahaMAS.lvl,FAIL,,0.0
SAAntsStar.lvl,FAIL,,0.0
MANavy.lvl,FAIL,,0.0
SAEasyPeasy.lvl,FAIL,,0.0603
SALobot.lvl,FAIL,,0.0
MALobot.lvl,FAIL,,0.0
MAByteMe.lvl,FAIL,,0.0
MAAiMasTers.lvl,FAIL,,0.4927
SANavy.lvl,FAIL,,0.0006
SAByteMe.lvl,FAIL,,0.0005
SAGreenDots.lvl,FAIL,,0.0009
MAbAnAnA.lvl,FAIL,,0.0
